height_cm,media,price_gbp,title,url,width_cm
30,Acrylic paint on sprayed board,£240.00,P10 by Olly Fathers,https://www.bearspace.co.uk/product-page/p10-by-olly-fathers,30
17,"24k gold leaf, white casting cement and ground iron",£440.00,Meld 1 by Vic Wright,https://www.bearspace.co.uk/product-page/meld-1-by-vic-wright,14
12,"Lichen gilded with 24k gold leaf, moss with ground copper, and white casting cement",£280.00,"Standing White , black & gold by Vic Wright",https://www.bearspace.co.uk/product-page/standing-white-black-gold-by-vic-wright,6
15,"24k goldleaf, white and black cement with iron",£320.00,Meld 2 by Vic Wright,https://www.bearspace.co.uk/product-page/meld-2-by-vic-wright,12
10,13k gold leaf and grey casting cement.,£140.00,Facet by Vic Wright,https://www.bearspace.co.uk/product-page/facet-by-vic-wright,6
12,Black and white casting cement with 24k gold leaf,£320.00,Conversation 2 by Vic Wright,https://www.bearspace.co.uk/product-page/conversation-2-by-vic-wright,8
8.5,"18k goldleaf, grey casting cement and white wax.",£140.00,Ore by Vic Wright,https://www.bearspace.co.uk/product-page/ore-by-vic-wright,8
16.5,18K gold leaf and white casting cement,£440.00,Conversation by Vic Wright,https://www.bearspace.co.uk/product-page/conversation-by-vic-wright,13
12,"Fine white casting cement, ink, crystals and 24k gold leaf",£340.00,Conversation 3 by Vic Wright,https://www.bearspace.co.uk/product-page/conversation-3-by-vic-wright,10
58,,"£1,200.00",Green Sanctuary by Dionne Cole,https://www.bearspace.co.uk/product-page/green-sanctuary-by-dionne-cole,85.5
80,Digital print with dissolved ink,£990.00,(GCS) High Rise - Jane Ward,https://www.bearspace.co.uk/product-page/gcs-high-rise-jane-ward,60
8,"Fine white casting cement, ink and 24k gold leaf",£140.00,Facet 5 by Vic Wright,https://www.bearspace.co.uk/product-page/facet-5-by-vic-wright,6.5
7,"24k gold leaf, white casting cement and ink",£140.00,Facet 2 by Vic Wright,https://www.bearspace.co.uk/product-page/facet-2-by-vic-wright,7
30.5,,£490.00,Shades of Coral II by Dionne Cole,https://www.bearspace.co.uk/product-page/shades-of-coral-ii-by-dionne-cole,40.7
7,"Fine white casting cement, ink and 18k gold",£140.00,Facet 3 by Vic Wright,https://www.bearspace.co.uk/product-page/facet-3-by-vic-wright,7
92,Sculpted hand and laser cut paper,"£2,800.00",Flight by Dionne Cole,https://www.bearspace.co.uk/product-page/flight-by-dionne-cole,155
7.5,Fine white casting cement and 24k gold leaf,£140.00,Facet 4 by Vic Wright,https://www.bearspace.co.uk/product-page/facet-4-by-vic-wright,6
68,,£690.00,Feralis by Suzanne Moxhay,https://www.bearspace.co.uk/product-page/feralis-by-suzanne-moxhay,55
60,,£690.00,Gloaming by Suzanne Moxhay,https://www.bearspace.co.uk/product-page/gloaming-by-suzanne-moxhay,40
100,,£690.00,Athne by Suzanne Moxhay,https://www.bearspace.co.uk/product-page/athne-by-suzanne-moxhay,50
92,,£690.00,Boondocks by Suzanne Moxhay,https://www.bearspace.co.uk/product-page/boondocks-by-suzanne-moxhay,45
84,Archival Digital Print,£940.00,Walking Out Over Ice in Midsummer 1 by Janie Kidston,https://www.bearspace.co.uk/product-page/walking-out-over-ice-in-midsummer-1,59
50,,£540.00,"'Retreating, then advancing repeatedly over the centuries 3' by Janie Kidston",https://www.bearspace.co.uk/product-page/retreating-then-advancing-repeatedly-over-the-centuries-3-by-janie-kidston,60
50,,£540.00,"'Retreating, then advancing repeatedly over the centuries'5 by Janie Kidston",https://www.bearspace.co.uk/product-page/retreating-then-advancing-repeatedly-over-the-centuries-5,60
50,,£540.00,"'Retreating, then advancing repeatedly over the centuries 6' by Janie Kidston",https://www.bearspace.co.uk/product-page/retreating-then-advancing-repeatedly-over-the-centuries-6-by-janie-kidston,60
100,,£690.00,Bayou,https://www.bearspace.co.uk/product-page/bayou,44
50,,£540.00,Moving from the side of the valley by Janie Kidston,https://www.bearspace.co.uk/product-page/moving-from-the-side-of-the-vallery,60
39,Acrylic and oil on board 2016,£640.00,Lucinda Metcalfe - Neon Pool,https://www.bearspace.co.uk/product-page/neon-pool,49.5
50,,£490.00,Jubellied (joy song) by Nadja Gabriela Plein,https://www.bearspace.co.uk/product-page/jubellied-joy-song-by-nadja-gabriela-plein,41
90,,£940.00,Sky Walk by Jane ward,https://www.bearspace.co.uk/product-page/sky-walk-by-jane-ward,70
90,,£940.00,Castle by Jane Ward,https://www.bearspace.co.uk/product-page/castle-by-jane-ward,70
43,,£640.00,Heated Discussion by Lucinda Metcalfe,https://www.bearspace.co.uk/product-page/heated-discussion-by-lucinda-metcalfe,38
60,,£490.00,Garden City State 1b by Jane Ward,https://www.bearspace.co.uk/product-page/garden-city-state-1b-by-jane-ward,45
125,,"£1,400.00",Amongst the Impcat Scars by Jane Ward,https://www.bearspace.co.uk/product-page/amongst-the-impcat-scars,90
60,,£490.00,Garden City State 1a by Jane Ward,https://www.bearspace.co.uk/product-page/garden-city-state-1a-by-jane-ward,45
60,,£490.00,Garden City State 1c by Jane Ward,https://www.bearspace.co.uk/product-page/garden-city-state-1c-by-jane-ward,45
70,,£940.00,Secret Place by Natasha Kissell,https://www.bearspace.co.uk/product-page/secret-place-by-natasha-kissell,60
70,"Oil with charcoal, watercolour, salt & sand on canvas","£1,400.00",I Crash Into Your Arms by Dominic Bradnum,https://www.bearspace.co.uk/product-page/i-crash-into-your-arms,100
198,"Oil, enamel, acrylic and resin on canvas","£4,000.00",Gregor's Hollow by Chris Hawtin,https://www.bearspace.co.uk/product-page/gregor-s-hollow-by-chris-hawtin,198
70,Oil and acrylic on canvas,"£1,200.00",Photeus at the Pythia by Chris Hawtin,https://www.bearspace.co.uk/product-page/photeus-at-the-pythia-by-chris-hawtin,70
132,"Oil,enamel and acrylic on canvas","£2,400.00",Jerome's Peak by Chris Hawtin,https://www.bearspace.co.uk/product-page/jerome-s-peak-by-chris-hawtin,143
100,Oil with charcoal & watercolour on canvas,"£1,600.00",Under A Bruised And Leaden Sky by Dominic Badnum,https://www.bearspace.co.uk/product-page/under-a-bruised-and-leaden-sky-by-dominic-badnum,100
45,"Oil, enamel and acrylic on canvas",£690.00,Relic Engines by Chris Hawtin,https://www.bearspace.co.uk/product-page/relic-engines-by-chris-hawtin,40
99,"Oil, enamel and acrylic on canvas","£1,600.00",Anxiety Machines by Chris Hawtin,https://www.bearspace.co.uk/product-page/anxiety-machines,99
40,Oil and acrylic on canvas,£690.00,Protist Peak by Chris Hawtin,https://www.bearspace.co.uk/product-page/protist-peak-by-chris-hawtin,50
110,,"£2,400.00",Then All Was Calm... by Dominic Bradnum,https://www.bearspace.co.uk/product-page/then-all-was-calm,150
86,Oil on canvas,"£1,400.00",The Cope Marsh Station by Chris Hawtin,https://www.bearspace.co.uk/product-page/the-cope-marsh-station,86
59,Oil and acrylic on canvas,£800.00,Seth's Narrows by Chris Hawtin,https://www.bearspace.co.uk/product-page/seth-s-narrows-by-chris-hawtin,47
51,Oil and acrylic on canvas,£800.00,Tilt by Chris Hawton,https://www.bearspace.co.uk/product-page/tilt-by-chris-hawton,46
76,Screen print on paper,£250.00,The Scientist by Chris Hawtin,https://www.bearspace.co.uk/product-page/the-scientist-by-chris-hawtin,56
170,,"£3,800.00",The Dawn Chorus by Chris Hawtin,https://www.bearspace.co.uk/product-page/the-dawn-chorus-by-chris-hawtin,160
76,Screenprint on paper,£250.00,The Vandal by Chris Hawtin,https://www.bearspace.co.uk/product-page/the-vandal-by-chris-hawtin,56
87,Oil and enamel on canvas,"£1,600.00",The Hidden City by Chris Hawtin,https://www.bearspace.co.uk/product-page/the-hidden-city-by-chris-hawtin,101
57,Oil on Canvas,£940.00,March by Chris Hawtin,https://www.bearspace.co.uk/product-page/march-by-chris-hawtin,62
89,Artist: Bella Easton,"£2,800.00",MYRIORAMA ROOM series –ARMCHAIR by Bella Easton,https://www.bearspace.co.uk/product-page/myriorama-room-series-armchair-by-bella-easton,117
89,Artist: Bella Easton,"£2,800.00",MYRIORAMA ROOM series - LAMP by Bella Easton,https://www.bearspace.co.uk/product-page/myriorama-room-series-lamp-by-bella-easton,117
40,Watercolour and hand coloured copper plate etching on Velin Arches,£940.00,Chiral VI by Bella Easton,https://www.bearspace.co.uk/product-page/chiral-vi-by-bella-easton,18
40,Watercolour and hand coloured copper plate etching on Velin Arches,£940.00,Chiral V by Bella Easton,https://www.bearspace.co.uk/product-page/chiral-v-by-bella-easton,18
40,Watercolour and hand coloured copper plate etching on Velin Arches,£940.00,Chiral II by Bella Easton,https://www.bearspace.co.uk/product-page/chiral-ii-by-bella-easton,18
40,Watercolour and hand coloured copper plate etching on Velin Arches,£940.00,Chiral IV by Bella Easton,https://www.bearspace.co.uk/product-page/chiral-iv-by-bella-easton,18
40,Watercolour and hand coloured copper plate etching on Velin Arches,£940.00,Chiral III by Bella Easton,https://www.bearspace.co.uk/product-page/chiral-iii-by-bella-easton,18
89,Artist: Bella Easton,"£2,800.00",MYRIORAMA ROOM series – FIREPLACE II by Bella Easton,https://www.bearspace.co.uk/product-page/myriorama-room-series-fireplace-ii-by-bella-easton,117
90,Archival digital print on canvas,"£1,400.00",Overland 1 by Jane Ward,https://www.bearspace.co.uk/product-page/overland-1-by-jane-ward,120
90,Archival digital print on canvas,"£1,400.00",Overland 2 by Jane Ward,https://www.bearspace.co.uk/product-page/overland-2-by-jane-ward,120
90,Archival digital print on canvas,"£1,400.00",Overland 3 by Jane Ward,https://www.bearspace.co.uk/product-page/overland-3-by-jane-ward,120
40,Digital print on canvas with hand dissolved ink,£290.00,Alpine 1 by Jane Ward,https://www.bearspace.co.uk/product-page/alpine-1-by-jane-ward,30
59.4,screenprint on paper,£150.00,YETI OVER MOUNT FUJI (PANTONE YELLOW) by Phil Ashcroft,https://www.bearspace.co.uk/product-page/yeti-over-mount-fuji-pantone-yellow-by-phil-ashcroft,42
90,Archival digital print on canvas,"£1,400.00",Overland 4 by Jane Ward,https://www.bearspace.co.uk/product-page/overland-4-by-jane-ward,120
40,Digital print on canvas with hand dissolved ink,£290.00,Alpine 4 by Jane Ward,https://www.bearspace.co.uk/product-page/alpine-3-by-jane-ward,30
198,"Oil, enamel, acrylic and plaster on canvas","£4,000.00",Ennio Fallen by Chris Hawtin,https://www.bearspace.co.uk/product-page/ennio-fallen-by-chris-hawtin,198
40,Oil & acrylic on canvas,£695.00,Guiding Light by Chris Hawtin,https://www.bearspace.co.uk/product-page/guiding-light-by-chris-hawtin,30
90,Oil & acrylic on canvas,"£1,400.00",The Castle by Chris Hawtin,https://www.bearspace.co.uk/product-page/the-castle-by-chris-hawtin,70
99,Oil & acrylic on canvas,"£1,600.00",The Mortal Frame by Chris Hawtin,https://www.bearspace.co.uk/product-page/the-mortal-frame-by-chris-hawtin,99
40,Oil and acrylic on canvas,£640.00,Embers by Chris Hawtin,https://www.bearspace.co.uk/product-page/embers-by-chris-hawtin,30
40,"Oil, acrylic and pigment on canvas",£640.00,Loneliness by Chris Hawtin,https://www.bearspace.co.uk/product-page/loneliness-by-chris-hawtin,30
198,"Oil, enamel, acrylic and plaster on canvas","£4,000.00",The Wheel by Chris Hawtin,https://www.bearspace.co.uk/product-page/the-wheel-by-chris-hawtin,198
180,"Oil, enamel, acrylic and plaster on canvas","£3,800.00",Venn's Bluff by Chris Hawtin,https://www.bearspace.co.uk/product-page/venn-s-bluff-by-chris-hawtin,180
40,Oil and acrylic on canvas,£640.00,Take Our Time (Someday) by Chris Hawtin,https://www.bearspace.co.uk/product-page/take-our-time-someday-by-chris-hawtin,30
22,Mixed media,£640.00,Capital Drone by Chris Hawtin,https://www.bearspace.co.uk/product-page/capital-drone-by-chris-hawtin,1413.5
22,Mixed media,£640.00,Sovereign,https://www.bearspace.co.uk/product-page/sovereign,1413.5
22,Mixed media,£640.00,Recon Drones by Chris Hawtin,https://www.bearspace.co.uk/product-page/recon-drones-by-chris-hawtin,1413.5
22,Mixed media,£640.00,copy of Recon Drones by Chris Hawtin,https://www.bearspace.co.uk/product-page/copy-of-recon-drones-by-chris-hawtin,1413.5
22,Mixed media,£640.00,Factory by Chris Hawtin,https://www.bearspace.co.uk/product-page/factory-by-chris-hawtin,1413.5
90,Archival digital print on canvas,"£1,800.00",Bridge Over Garden City State by Jane Ward,https://www.bearspace.co.uk/product-page/bridge-over-garden-city-state-by-jane-ward,120
90,,£940.00,The High Way (Pass) by Jane Ward,https://www.bearspace.co.uk/product-page/the-high-way-peak-by-jane-ward,70
60,,"£1,200.00",Yellow Wall by Lucinda Metcalfe,https://www.bearspace.co.uk/product-page/yellow-wall-by-lucinda-metcalfe-1,80
15,,£180.00,Emplacement 3 by Victoria Ashdown,https://www.bearspace.co.uk/product-page/emplacement-3-by-victoria-ashdown,42
30,,£140.00,Emplacement 1 by Victoria Ashdown,https://www.bearspace.co.uk/product-page/emplacement-1-by-victoria-ashdown,30
90,,£940.00,Skywalk by Jane Ward,https://www.bearspace.co.uk/product-page/skywalk-by-jane-ward,70
26,,£180.00,Emplacement 2 by Victoria Ashdown,https://www.bearspace.co.uk/product-page/emplacement-2-by-victoria-ashdown,4
43,,£180.00,Emplacement 4 by Victoria Ashdown,https://www.bearspace.co.uk/product-page/emplacement-4-by-victoria-ashdown,25
20,,£240.00,Emplacement 6 by Victoria Ashdown,https://www.bearspace.co.uk/product-page/emplacement-6-by-victoria-ashdown,21
35,Acrylic and oil paint on canvas,£340.00,"""Follow"" by Deanna Lewis",https://www.bearspace.co.uk/product-page/follow-by-deanna-lewis,50
40,Acrylic and oil paint on canvas,£440.00,"""Shift"" by Deanna Lewis",https://www.bearspace.co.uk/product-page/shift-by-deanna-lewis,60
35,Acrylic and oil paint on canvas,£340.00,"""Point"" by Deanna Lewis",https://www.bearspace.co.uk/product-page/point-by-deanna-lewis,50
40,,£240.00,Emplacement 5 by Victoria Ashdown,https://www.bearspace.co.uk/product-page/emplacement-5-by-victoria-ashdown,26
35,Acrylic and oil paint on canvas,£340.00,"""Exchange"" by Deanna Lewis",https://www.bearspace.co.uk/product-page/exchange-by-deanna-lewis,50
13,,£240.00,Emplacement 7 by Victoria Ashdown,https://www.bearspace.co.uk/product-page/emplacement-7-by-victoria-ashdown,23
40,Acrylic and oil paint on canvas,£440.00,"""Push"" by Deanna Lewis",https://www.bearspace.co.uk/product-page/push-by-deanna-lewis,60
50,Oil on canvas,£940.00,The Reaches by Chris Hawtin,https://www.bearspace.co.uk/product-page/the-reaches-by-chris-hawtin,60
40,Acrylic and oil paint on canvas,£440.00,"""Stroke"" by Deanna Lewis",https://www.bearspace.co.uk/product-page/stroke-by-deanna-lewis,60
50,Oil on canvas,£940.00,The Chaos by Chris Hawtin,https://www.bearspace.co.uk/product-page/the-chaos-by-chris-hawtin,60
110,"oil, watercolour, charcoal and ink on canvas","£2,400.00",Message Of Undying Love by Dominic Bradnum,https://www.bearspace.co.uk/product-page/message-of-undying-love-by-dominic-bradnum,150
70,"oil, watercolour, charcoal and ink on canvas","£1,400.00","Wherever You Go, I Will Follow by Dominic Bradnum",https://www.bearspace.co.uk/product-page/wherever-you-go-i-will-follow-by-dominic-bradnum,100
40,oil on canvas,£640.00,SSHHH by Dominic Bradnum,https://www.bearspace.co.uk/product-page/sshhh-by-dominic-bradnum,50
50,Oil on canvas,£940.00,With Tomorrow by Chris Hawtin,https://www.bearspace.co.uk/product-page/with-tomorrow-by-chris-hawtin,60
90,,£940.00,The High Way (Peak) by Jane Ward,https://www.bearspace.co.uk/product-page/the-high-way-peak-by-jane-ward-1,70
70,,£840.00,From Frozen Floods by Jane Ward,https://www.bearspace.co.uk/product-page/from-frozen-floods-by-jane-ward,90
70,,£840.00,And The Sunset by Jane Ward,https://www.bearspace.co.uk/product-page/and-the-sunset-by-jane-ward,90
70,,£840.00,"Of Earth, Air and Water by Jane Ward",https://www.bearspace.co.uk/product-page/of-earth-air-and-water-by-jane-ward,90
70,,£840.00,Unfathomable Deeps by Jane Ward,https://www.bearspace.co.uk/product-page/unfathomable-deeps-by-jane-ward,90
70,,£840.00,In These Solitudes by Jane Ward,https://www.bearspace.co.uk/product-page/in-these-solitudes-by-jane-ward,90
90,,"£1,400.00",To The Zenith'sHeight by Jane Ward,https://www.bearspace.co.uk/product-page/to-the-zenith-sheight-by-jane-ward,120
70,,£840.00,Broad Vales Between by Jane Ward,https://www.bearspace.co.uk/product-page/broad-vales-between-by-jane-ward,90
90,,"£1,400.00",From the Curved Horizon by Jane Ward,https://www.bearspace.co.uk/product-page/from-the-curved-horizon-by-jane-ward,120
50,Graphite on paper,£720.00,Entry Point by Joseph Stokes,https://www.bearspace.co.uk/product-page/entry-point-by-joseph-stokes,40
35,Oil on Canvas,"£3,000.00",Spangled by John Greenwood,https://www.bearspace.co.uk/product-page/spangled-by-john-greenwood,30
56,Pencil on Arches paper,"£3,200.00",Where Stars Dissolve by Bella Easton,https://www.bearspace.co.uk/product-page/where-stars-dissolve-by-bella-easton,41
45,Oil on Gessoed canvas on Board,"£3,800.00",El Dorado by John Greenwood,https://www.bearspace.co.uk/product-page/el-dorado-by-john-greenwood,38
56,Pencil on Arches paper,"£3,200.00",ANGEL HEART by Bella Easton,https://www.bearspace.co.uk/product-page/angel-heart-by-bella-easton,41
45,Oil on Gessoed canvas on Board,"£9,800.00",Museum of now by John Greenwood,https://www.bearspace.co.uk/product-page/museum-of-now-by-john-greenwood,38
13.5,24K gold leaf & white casting cement,£290.00,White Sitting Double by Vic Wright,https://www.bearspace.co.uk/product-page/white-sitting-double-by-vic-wright,10
14,White and grey casting cement with ink,£340.00,Standing Triple Black Grey and White by Vic Wright,https://www.bearspace.co.uk/product-page/standing-triple-black-grey-and-white-by-vic-wright,11
18,"13k gold leaf, white casting cement and ink",£440.00,Meld 3 by Vic Wright,https://www.bearspace.co.uk/product-page/meld-3-by-vic-wright,12
80,oil on canvas,"£1,600.00",The Tide Seems To Whisper Your Name by Dominic Badnum,https://www.bearspace.co.uk/product-page/the-tide-seems-to-whisper-your-name-by-dominic-badnum,100
14,White and Grey fine casting cement with white wax,£325.00,Standing White and Grey speckle by Vic Wright,https://www.bearspace.co.uk/product-page/standing-white-and-grey-speckle-by-vic-wright,13
80,oil on canvas with charcoal and watercolour,"£1,600.00",I See Beauty In Everything by Dominic Badnum,https://www.bearspace.co.uk/product-page/i-see-beauty-in-everything-by-dominic-badnum,100
12,Grey casting cement,£180.00,Standing Grey double by Vic Wright,https://www.bearspace.co.uk/product-page/standing-grey-double-by-vic-wright,6.5
15,24k gold leaf with casting cement,£380.00,Standing Triple Grey and Black by Vic Wright,https://www.bearspace.co.uk/product-page/standing-triple-grey-and-black-by-vic-wright,14
40,oil on canvas with charcoal and watercolour,£840.00,Take My Hand by Dominic Badnum,https://www.bearspace.co.uk/product-page/take-my-hand-by-dominic-badnum,50
40,"oil with charcoal, watercolour and pencil on canvas",£640.00,This Day Is Ours by Dominic Bradnum,https://www.bearspace.co.uk/product-page/you-took-my-breath-away-by-dominic-badnum,50
76,,"£1,400.00",Disperse by Dionne Cole,https://www.bearspace.co.uk/product-page/disperse-by-dionne-cole,101.6
45,Digital print on Aluminium,£640.00,Castle 2 by Jane Ward,https://www.bearspace.co.uk/product-page/castle-2-by-jane-ward,60
59.4,,"£1,200.00",Purple Motion by Dionne Cole,https://www.bearspace.co.uk/product-page/purple-motion-by-dionne-cole,84.1
90,Digital print on Aluminium,"£1,800.00",The Ephemeral Isles 1 by Jane Ward,https://www.bearspace.co.uk/product-page/the-ephemeral-isles-1-by-jane-ward,120
18,"13K gold leaf, copper leaf, white casting cement, iron and pigment",£440.00,Meld 4 by Vic Wright,https://www.bearspace.co.uk/product-page/meld-4-by-vic-wright,15
45,Digital print on Aluminium,£640.00,From Steep to Steep by Jane Ward,https://www.bearspace.co.uk/product-page/from-steep-to-steep-by-jane-ward,60
24,Digital print on Aluminium,£340.00,Unfathomable Deeps by Jane Ward,https://www.bearspace.co.uk/product-page/unfathomable-deeps-by-jane-ward-1,30
45,Digital print on Aluminium,£640.00,Those Hidden Ravines by Jane Ward,https://www.bearspace.co.uk/product-page/those-hidden-ravines-by-jane-ward,60
17,"16K goldleaf, white casting cement, pigment and ink",£440.00,Meld 6 by Vic Wright,https://www.bearspace.co.uk/product-page/meld-5-by-vic-wright,18
45,Digital print on canvas with dissolved ink,£490.00,The Ephemeral Isles 5 by Jane Ward,https://www.bearspace.co.uk/product-page/the-ephemeral-isles-5a-by-jane-ward,60
24,Digital print on Aluminium,£340.00,From Frozen Floods by Jane Ward,https://www.bearspace.co.uk/product-page/from-frozen-floods-by-jane-ward-1,30
17,"13K gold leaf, copper leaf, white casting cement, iron and pigment",£420.00,Meld 5,https://www.bearspace.co.uk/product-page/copy-of-meld-5,15
70,"Resin, pigments, indian ink, watercolour paper, inkjet prints, MDF","£1,200.00",FRAGMENTATION No.46 by Jim Cheatle,https://www.bearspace.co.uk/product-page/fragmentation-no-46-by-jim-cheatle,54.5
,Digital print under acrylic with subframe 30cm  diam  Edition of 10   ,£320.00,Portal 1 by Jane Ward,https://www.bearspace.co.uk/product-page/portal-1-by-jane-ward,
70,"Resin, pigments, inkjet prints, canvas, MDF","£1,200.00",FRAGMENTATION No.44 by Jim Cheatle,https://www.bearspace.co.uk/product-page/fragmentation-no-44-by-jim-cheatle,54.5
70,"Resin, pigments, canvas, paper, inkjet prints, MDF","£1,200.00",FRAGMENTATION No.33 by Jim Cheatle,https://www.bearspace.co.uk/product-page/fragmentation-no-33-by-jim-cheatle,54.5
70,"Resin, pigments, inkjet prints, acrylic, paper, MDF","£1,200.00",FRAGMENTATION No.45 by Jim Cheatle,https://www.bearspace.co.uk/product-page/fragmentation-no-45-by-jim-cheatle,54.5
70,"Resin, pigments, canvas, paper, inkjet prints, MDF","£1,200.00",FRAGMENTATION No.17 by Jim Cheatle,https://www.bearspace.co.uk/product-page/fragmentation-no-17-by-jim-cheatle,54.5
30.5,"Resin, pigments, inkjet prints, MDF",£490.00,Fragstudy 1 by Jim Cheatle,https://www.bearspace.co.uk/product-page/fragstudy-1-by-jim-cheatle,23
70,"Resin, pigments, paper, indian ink, inkjet prints, MDF","£1,200.00",FRAGMENTATION No.10 by Jim Cheatle,https://www.bearspace.co.uk/product-page/fragmentation-no-10-by-jim-cheatle,54.5
30.5,"Resin, pigments, inkjet prints, MDF",£490.00,Fragstudy 2 by Jim Cheatle,https://www.bearspace.co.uk/product-page/fragstudy-2-by-jim-cheatle,23
,Digital print under acrylic with subframe 30cm  diam  Edition of 10   ,£320.00,Portal 5 by Jane Ward,https://www.bearspace.co.uk/product-page/portal-5-by-jane-ward,
30.5,"Resin, pigments, inkjet prints, MDF",£490.00,Fragstudy 7 by Jim Cheatle,https://www.bearspace.co.uk/product-page/fragstudy-5-by-jim-cheatle,23
30.5,"Resin, pigments, inkjet prints, MDF",£490.00,Fragstudy 3 by Jim Cheatle,https://www.bearspace.co.uk/product-page/fragstudy-3-by-jim-cheatle,23
30.5,"Resin, pigments, inkjet prints, MDF",£490.00,Fragstudy 4 by Jim Cheatle,https://www.bearspace.co.uk/product-page/fragstudy-4-by-jim-cheatle,23
,Digital print under acrylic with subframe 30cm  diam  Edition of 10   ,£320.00,Portal 6 by Jane Ward,https://www.bearspace.co.uk/product-page/portal-6-by-jane-ward,
,Digital print under acrylic with subframe 60cm  diam  Edition of 10   ,£490.00,Portal 7 by Jane Ward,https://www.bearspace.co.uk/product-page/portal-7-by-jane-ward,
,Digital print under acrylic with subframe 60cm  diam  Edition of 10   ,£490.00,Portal 9 by Jane Ward,https://www.bearspace.co.uk/product-page/portal-9-by-jane-ward,
,Digital print under acrylic with subframe 60cm  diam  Edition of 10   ,£490.00,Portal 8 by Jane Ward,https://www.bearspace.co.uk/product-page/portal-8-by-jane-ward,
40.7,Inkjet Print (Hahnemuhle Ultra-Smooth),£400.00,Balancing Acts II by Elise Wootten,https://www.bearspace.co.uk/product-page/balancing-acts-ii-by-elise-wootten,50.8
40,"oil on canvas with charcoal, watercolour and pencil",£640.00,You Took My Breath Away by Dominic Bradnum,https://www.bearspace.co.uk/product-page/you-took-my-breath-away-by-dominic-bradnum,50
40.7,Inkjet Print (Hahnemuhle Ultra-Smooth),£400.00,Balancing Acts I by Elise Wootten,https://www.bearspace.co.uk/product-page/balancing-acts-i-by-elise-wootten,50.8
100,"Oil with charcoal, watercolour and sand on canvas","£1,400.00",As The Tide Turned by Dominic Bradnum,https://www.bearspace.co.uk/product-page/as-the-tide-turned-by-dominic-bradnum,80
40.7,Inkjet Print (Hahnemuhle Ultra-Smooth),£400.00,Balancing Acts III by Elise Wootten,https://www.bearspace.co.uk/product-page/balancing-acts-iii-by-elise-wootten,50.8
40.7,Inkjet Print (Hahnemuhle Ultra-Smooth),£340.00,Balancing Acts V by Elise Wootten,https://www.bearspace.co.uk/product-page/balancing-acts-v-by-elise-wootten,50.8
74,"Aluminium, Inkjet Vinyl Print",£640.00,Somewhat Confusing I by Elise Wootten,https://www.bearspace.co.uk/product-page/somewhat-confusing-i-by-elise-wootten,88
90,Archival digital print on canvas with dissolved canvas,"£1,400.00",The Ephemeral Isles by Jane Ward,https://www.bearspace.co.uk/product-page/the-ephemeral-isles-by-jane-ward,120
16,,£440.00,Kin by Vic Wright,https://www.bearspace.co.uk/product-page/kin-by-vic-wright,14
75,"Aluminium, Inkjet Vinyl Print",£640.00,Somewhat Confusing III by Elise Wootten,https://www.bearspace.co.uk/product-page/somewhat-confusing-iii-by-elise-wootten,88
90,Archival digital print on canvas with dissolved canvas,"£1,400.00",To The Zenith's Height by Jane Ward,https://www.bearspace.co.uk/product-page/to-the-zenith-s-height-by-jane-ward,120
40,"oil with charcoal, watercolour and pencil on canvas",£640.00,Morning Came by Dominic Bradnum,https://www.bearspace.co.uk/product-page/morning-came-by-dominic-bradnum,50
75,"Aluminium, Inkjet Vinyl Print",£640.00,Somewhat Confusing II by Elise Wootten,https://www.bearspace.co.uk/product-page/somewhat-confusing-ii-by-elise-wootten,89
42,"Oil paint, spray paint & gold leaf on board",£340.00,Another Sunset by Lucy Baker,https://www.bearspace.co.uk/product-page/another-sunset-by-lucy-baker,34
30,Oil paint & spray paint on board,£0.00,Hurricane by Lucy Baker,https://www.bearspace.co.uk/product-page/hurricane-by-lucy-baker,40
110,"Oil paint, spray paint & gold leaf on board","£1,600.00",Amazons by Lucy Baker,https://www.bearspace.co.uk/product-page/amazons-by-lucy-baker,130
127,Sprayed board Wall based sculpture,"£3,400.00",Candy Flop by Olly Fathers,https://www.bearspace.co.uk/product-page/candy-flop-by-olly-fathers,53
100,"Spraypaint, board, card, digital print collage","£1,940.00",Tommy by Olly Fathers,https://www.bearspace.co.uk/product-page/tommy-by-olly-fathers,70
120,Sprayed board Acrylic paint on sprayed board,"£4,000.00",Crossroads by Olly Fathers,https://www.bearspace.co.uk/product-page/crossroads-by-olly-fathers,120
38,"Various wood veneers, various woods, board","£1,100.00",Constructed Veneer IV by Olly Fathers,https://www.bearspace.co.uk/product-page/constructed-veneer-4-by-olly-fathers,32
30,"Various wood veneers, various woods, board",£940.00,Constructed Veneer V by Olly Fathers,https://www.bearspace.co.uk/product-page/constructed-veneer-5-by-olly-fathers,33
34,"Various wood veneers, various woods, board",£940.00,Constructed Veneer VII by Olly Fathers,https://www.bearspace.co.uk/product-page/constructed-veneer-vii-by-olly-fathers,25
26,"Various wood veneers, various woods, board",£940.00,Constructed Veneer VI by Olly Fathers,https://www.bearspace.co.uk/product-page/constructed-veneer-5-by-olly-fathers-1,24
29.7,"Spraypaint, vinyl, card, digital print collage",£175.00,Collage 3 by Olly Fathers,https://www.bearspace.co.uk/product-page/collage-3-by-olly-fathers,21
29.7,"Spraypaint, vinyl, card, digital print collage",£175.00,Collage 2 by Olly Fathers,https://www.bearspace.co.uk/product-page/collage-2-by-olly-fathers,21
29.7,"Spraypaint, vinyl, card, digital print collage",£175.00,Collage 1 by Olly Fathers,https://www.bearspace.co.uk/product-page/collage-1-by-olly-fathers,21
30,Acrylic paint on sprayed board,£240.00,C6 by Olly Fathers,https://www.bearspace.co.uk/product-page/c6-by-olly-fathers,30
40.7,Inkjet Print (Hahnemuhle Ultra-Smooth),£400.00,Balancing Acts IV by Elise Wootten,https://www.bearspace.co.uk/product-page/balancing-acts-iv-by-elise-wootten,50.8
30,Acrylic paint on sprayed board,£240.00,C13 by Olly Fathers,https://www.bearspace.co.uk/product-page/c13-by-olly-fathers,30
30,Acrylic paint on sprayed board,£240.00,P1 by Olly Fathers,https://www.bearspace.co.uk/product-page/p1-by-olly-fathers,30
40.9,"Set of four Beech, Mdf, Acrylic paint, Vinyl","£1,200.00",All Recognisable Entities by Elise Wootten,https://www.bearspace.co.uk/product-page/all-recognisable-entities-by-elise-wootten,50.2
30,Acrylic paint on sprayed board,£240.00,P4 by Olly Fathers,https://www.bearspace.co.uk/product-page/p4-by-olly-fathers,30
30,Acrylic paint on sprayed board,£240.00,P8 by Olly Fathers,https://www.bearspace.co.uk/product-page/p8-by-olly-fathers,30
40,Digital print on canvas with hand dissolved ink,£290.00,Alpine 2 by Jane Ward,https://www.bearspace.co.uk/product-page/alpine-2-by-jane-ward,30
57.5,,£690.00,Summer Breeze by Lucinda Metcalfe,https://www.bearspace.co.uk/product-page/summer-breeze-by-lucinda-metcalfe,45
40,Digital print on canvas with hand dissolved ink,£290.00,Alpine 3 by Jane Ward,https://www.bearspace.co.uk/product-page/alpine-3-by-jane-ward-1,30
90,,"£1,400.00",Overland I by Jane Ward,https://www.bearspace.co.uk/product-page/overland-i-by-jane-ward,120
110,"Oil paint, spray paint & gold leaf on board","£1,600.00",The Hurricane by Lucy Baker,https://www.bearspace.co.uk/product-page/the-hurricane-by-lucy-baker,130
30,"Oil paint, spray paint & gold leaf on board",£340.00,OFF ROAD by Lucy Baker,https://www.bearspace.co.uk/product-page/off-road-by-lucy-baker,40
